<?xml version="1.0" encoding="utf-8"?>
<prefix name="slideshow" label="Image Slideshow" language_tag="en" language_label="English"><key name="add_image"><value>Add Image</value></key><key name="add_new"><value>Add new</value></key><key name="add_slide"><value>Add Slide</value></key><key name="confirm_delete_plugin"><value>Are you sure you want to uninstall this plugin?</value></key><key name="delete_content"><value>Delete content and uninstall plugin</value></key><key name="delete_content_desc"><value>Before uninstalling slideshow plugin we have to remove all existing slideshows content. This may take awhile.</value></key><key name="delete_content_warning"><value>Warning</value></key><key name="delete_slide_confirm"><value>Are you sure you want to delete slide?</value></key><key name="edit_slide"><value>Edit slide</value></key><key name="effect"><value>Effect</value></key><key name="effect_fade"><value>fade</value></key><key name="effect_slide"><value>slide</value></key><key name="file"><value>File</value></key><key name="images"><value>Images</value></key><key name="interval"><value>Interval</value></key><key name="interval_long"><value>long</value></key><key name="interval_medium"><value>medium</value></key><key name="interval_short"><value>short</value></key><key name="label"><value>Label</value></key><key name="navigation"><value>Navigation</value></key><key name="no_images"><value>No images added</value></key><key name="optional"><value>Optional</value></key><key name="page_title_uninstall"><value>Uninstall slideshow plugin</value></key><key name="plugin_set_for_uninstall"><value>Slideshow plugin uninstall initiated.</value></key><key name="rearrange_tip"><value>drag and drop images to rearrange their order.</value></key><key name="settings"><value>Slideshow Settings</value></key><key name="uninstall_inprogress"><value>In progress</value></key><key name="uninstall_inprogress_desc"><value>Please wait while all slideshow content is being removed. This make take awhile depending on the number of slideshows on your site.</value></key><key name="url"><value>URL</value></key><key name="widget_title"><value>Slideshow</value></key></prefix>
