﻿<?xml version="1.0" encoding="utf-8"?>
<prefix name="iisgroupsplus" label="iisgroupsplus" language_tag="fa-IR" language_label="فارسی">
	<key name="no_category">
        <value>
			بدون دسته
        </value>
    </key>
	<key name="are_you_sure">
        <value>
			ایا مطمئن هستید؟‌(با حذف این دسته، تمامی گروه های دسته مورد نظر بدون دسته خواهند شد)
        </value>
    </key>
	<key name="search_btn_label">
        <value>
			جستجو
        </value>
    </key>
	<key name="select_category">
        <value>
		 هر دسته
        </value>
    </key>
	<key name="view_category_label">
        <value>
            دسته: &lt;a href="{$categoryUrl}"&gt;{$categoryLabel}&lt;/a&gt;
        </value>
    </key>
	<key name="admin_category_title">
        <value>
			تنظیمات افزونه گروه پلاس
        </value>
    </key>
	<key name="admin_category_heading">
        <value>
تنظیمات افزونه گروه پلاس
        </value>
    </key>
	<key name="label_category_label">
        <value>
			دسته مورد نظر خود را وارد کنید
        </value>
    </key>
	<key name="name_category">
        <value>
			نام دسته
        </value>
    </key>
	<key name="form_add_category_submit">
        <value>
			ذخیره
        </value>
    </key>
	<key name="edit_item">
        <value>
			ویرایش
        </value>
    </key>
	<key name="edit_item_page_title">
        <value>
			ویرایش دسته
        </value>
    </key>
	<key name="database_record_edit">
        <value>
			داده با موفقیت ذخیره شد.
        </value>
    </key>
	<key name="delete_item">
        <value>
			حذف
        </value>
    </key>
	<key name="label_error_already_exist">
        <value>
			دسته مورد نظر در حال حاضر موجود است
        </value>
    </key>
	<key name="search_title">
        <value>
			جستجو بر اساس عنوان گروه
        </value>
    </key>
    <key name="iisgroupsplus_settings">
        <value>
            تنظیمات گروه پلاس
        </value>
    </key>
    <key name="iisgroupsplus_already_connected">
        <value>
            به افزونه گروه پلاس وصل است.
        </value>
    </key>
    <key name="connect_iisgroupsplus_to_entity">
        <value>
            اتصال به گروه پلاس
        </value>
    </key>
    <key name="pending_invitation">
        <value>
            کاربران دعوت‌شده
        </value>
    </key>
    <key name="no_pending_invitation">
        <value>
            کاربران دعوت‌شده‌ای وجود ندارد.
        </value>
    </key>
	    <key name="delete_user_as_manager_success_message">
        <value>
            مدیریت گروه از کاربر مورد نظر برداشته شد
        </value>
    </key>
    <key name="add_user_as_manager_success_message">
        <value>
            مجوز مدیریت گروه به کاربر مورد نظر داده شد
        </value>
    </key>
    <key name="remove_group_user_manager_label">
        <value>
            حذف از مدیریت گروه
        </value>
    </key>
    <key name="delete_group_user_confirmation">
        <value>
            آیا از حذف کاربر مورد نظر از مدیریت گروه اطمینان دارید؟
        </value>
    </key>
    <key name="add_group_user_as_manager_label">
        <value>
            افزودن به عنوان مدیریت گروه
        </value>
    </key>
    <key name="group_owner_delete_error">
        <value>
            نمی توان نقش مدیریت را از سازنده یک گروه حذف کرد
        </value>
    </key>
	 <key name="widget_files_title">
        <value>
            فایل‌ها
        </value>
    </key>
    <key name="view_all_files">
        <value>
            مشاهده همه
        </value>
    </key>
    <key name="add_file">
        <value>
            افزودن فایل
        </value>
    </key>
    <key name="create_field_file_name_label">
        <value>
            نام فایل
        </value>
    </key>
    <key name="create_field_file_upload_label">
        <value>
            بارگذاری فایل
		 </value>
    </key>
    <key name="create_submit_btn_label">
        <value>
            ذخیره
        </value>
    </key>
	<key name="back">
        <value>
            بازگشت
        </value>
    </key>
	<key name="are_you_sure_delete_file">
        <value>
               آیا از حذف این فایل مطمئن هستید؟
        </value>
    </key>
	<key name="feed_add_file_string">
        <value>
            فایل &lt;a href="{$fileUrl}"&gt;{$fileName}&lt;/a&gt;  را در &lt;a href="{$groupUrl}"&gt;{$groupTitle}&lt;/a&gt; بارگذاری کرد
        </value>
    </key>
		<key name="name">
        <value>
               نام
        </value>
    </key>
	<key name="created_date">
        <value>
               تاریخ ایجاد
        </value>
    </key>
	<key name="by">
        <value>
               سازنده
        </value>
    </key>
    <key name="file_list_widget_empty">
        <value>
            هیچ فایلی وجود ندارد.
        </value>
    </key>
	    <key name="email_notification_section_label">
        <value>
           گروه‌ها
        </value>
    </key>
    <key name="email_notifications_setting_file">
        <value>
            فایلی در گروه ایجاد شد
        </value>
    </key>
	<key name="notif_add_file_string">
        <value>
         &lt;a href="{$userUrl}"&gt;{$userName}&lt;/a&gt;  فایل &lt;a href="{$groupUrl}"&gt;{$fileName}&lt;/a&gt;  را در &lt;a href="{$groupUrl}"&gt;{$groupTitle}&lt;/a&gt; بارگذاری کرد
        </value>
    </key>
	    <key name="email_notifications_setting_status">
        <value>
            مطلبی در گروه منتشر شد
        </value>
    </key>
	<key name="notif_update_status_string">
        <value>
           &lt;a href="{$userUrl}"&gt;{$userName}&lt;/a&gt;  مطلب تازه‌ای  را در &lt;a href="{$groupUrl}"&gt;{$groupTitle}&lt;/a&gt; منتشر کرد
        </value>
    </key>
    <key name="choose_category">
        <value>
            انتخاب دسته
        </value>
    </key>
    <key name="widget_files_settings_count">
        <value>
            تعداد فایل
        </value>
    </key>
    <key name="files_count">
        <value>
            تعداد کل فایل‌ها
        </value>
    </key>
</prefix>
