<?xml version="1.0" encoding="UTF-8"?>
<prefix name="jobads" label="jobads" language_tag="fa-IR" language_label="فارسی">

    <key name="main_menu_item">
        <value>آگهی مشاغل</value>
    </key>
    <key name="index_page_title">
        <value>آگهی مشاغل</value>
    </key>
    <key name="index_page_heading">
        <value>آگهی مشاغل</value>
    </key>
    <key name="add_ad_title">
        <value>افزودن آگهی جدید</value>
    </key>
    <key name="add_ad_heading">
        <value>افزودن آگهی جدید</value>
    </key>
    <key name="ad_image">
        <value>عکس</value>
    </key>
    <key name="ad_description">
        <value>توضیحات</value>
    </key>
    <key name="ad_skills">
        <value>افزودن قابلیت ها</value>
    </key>
    <key name="ad_email">
        <value>ایمیل</value>
    </key>
    <key name="form_label_submit">
        <value>ارسال</value>
    </key>

</prefix>
