<?xml version="1.0" encoding="utf-8"?>
<prefix name="iissecurityessentials" label="iissecurityessentials" language_tag="en" language_label="English">
    <key name="newsFeedShowDefault">
        <value>
            Show newsfeed activities as default
        </value>
    </key>
    <key name="passwordRequiredProfile">
        <value>
            Require password before saving profile changes
        </value>
    </key>
    <key name="questions_section_password">
        <value>
            Password
        </value>
    </key>
    <key name="password">
        <value>
            Password
        </value>
    </key>
</prefix>