<?xml version="1.0" encoding="utf-8"?>
<prefix name="newsfeed" label="Newsfeed" language_tag="fa-IR" language_label="فارسی">
<key name="activity_string_self_status_like">
	<value>
		نوشته وضعیت خودش را دوست دارد
	</value>
</key>
<key name="activity_string_status_comment">
	<value>
		بر روی نوشته {$user} نظر داد
	</value>
</key>
<key name="activity_string_status_like">
	<value>
		نوشته {$user} را می‌پسندد
	</value>
</key>
<key name="activity_string_status_self_comment">
	<value>
		به نوشته نظر داد
	</value>
</key>
<key name="admin_allow_comments_label">
	<value>
		اجازه برای نظر دادن را فعال کن
	</value>
</key>
<key name="admin_allow_likes_label">
	<value>
		پسندیدن را فعال کن
	</value>
</key>
<key name="admin_comments_count_desc">
	<value>
		تعداد نظراتی که در حالت گسترده به صورت پیش‌فرض نشان داده خواهد شد
	</value>
</key>
<key name="admin_comments_count_label">
	<value>
		تعداد نظرات پیش‌فرض برای نمایش
	</value>
</key>
<key name="admin_customization_legend">
	<value>
		امکان کنترل این‌که چه نوع مطالبی در تازه‌ها نشان داده شود، لطفا توجه کنید که تغییرات تنها بر روی پست‌های جدید اثر خواهد گذاشت.
	</value>
</key>
<key name="admin_features_expanded_label">
	<value>
		حالت گسترده به صورت پیش‌فرض برای پسندیدن و نظرات
	</value>
</key>
<key name="admin_index_status_label">
	<value>
		فعال‌سازی فیلد «چه خبر» در صفحه اصلی
	</value>
</key>
<key name="admin_menu_item_customization">
	<value>
		مطالب
	</value>
</key>
<key name="admin_menu_item_settings">
	<value>
		تنظیمات
	</value>
</key>
<key name="admin_page_heading">
	<value>
		تنظیمات افزونه تازه‌ها
	</value>
</key>
<key name="admin_page_title">
	<value>
		تنظیمات افزونه تازه‌ها
	</value>
</key>
<key name="admin_save_btn">
	<value>
		ذخیره
	</value>
</key>
<key name="admin_settings_title">
	<value>
		تنظیمات
	</value>
</key>
<key name="auth_action_label_add_comment">
	<value>
		اجازه دادن به‌روزرسانی وضعیت نظرات
	</value>
</key>
<key name="auth_action_label_allow_status_update">
	<value>
		اجازه دادن به‌روزرسانی وضعیت‌ها
	</value>
</key>
<key name="auth_group_label">
	<value>
		تازه‌ها
	</value>
</key>
<key name="comment_btn_label">
	<value>
		نظر
	</value>
</key>
<key name="content_group_label">
	<value>
		تازه‌ها
	</value>
</key>
<key name="content_status_label">
	<value>
		به‌روز رسانی وضعیت
	</value>
</key>
<key name="customization_changed">
	<value>
		تنظیمات ذخیره شد
	</value>
</key>
<key name="customization_not_changed">
	<value>
		تنظیمات تغییر نکرد
	</value>
</key>
<key name="delete_feed_item_label">
	<value>
		حذف نوشته
	</value>
</key>
<key name="delete_feed_item_user_label">
	<value>
		حذف کاربر
	</value>
</key>
<key name="email_notifications_empty_status_comment">
	<value>
		&lt;a href="{$userUrl}"&gt;{$userName}&lt;/a&gt; بر روی وضعیت شما نظر داد
	</value>
</key>
<key name="email_notifications_empty_status_like">
	<value>
		&lt;a href="{$userUrl}"&gt;{$userName}&lt;/a&gt; وضعیت شما را پسندید
	</value>
</key>
<key name="email_notifications_section_label">
	<value>
		تازه‌های {$site_name}
	</value>
</key>
<key name="email_notifications_setting_status_comment">
	<value>
		کسی بر روی وضعیت من نظر داده است
	</value>
</key>
<key name="email_notifications_setting_status_like">
	<value>
		کسی وضعیت من را می‌پسندد
	</value>
</key>
<key name="email_notifications_setting_user_status">
	<value>
		کسی بر روی نمایه من چیزی نوشت
	</value>
</key>
<key name="email_notifications_status_comment">
	<value>
		&lt;a href="{$userUrl}"&gt;{$userName}&lt;/a&gt; به وضعیت شما نظر داد: &lt;a href="{$url}"&gt;{$status}&lt;/a&gt;
	</value>
</key>
<key name="email_notifications_status_like">
	<value>
		&lt;a href="{$userUrl}"&gt;{$userName}&lt;/a&gt; وضعیت شما را پسندید: &lt;a href="{$url}"&gt;{$status}&lt;/a&gt;
	</value>
</key>
<key name="empty_feed_message">
	<value>
		موردی وجود ندارد
	</value>
</key>
<key name="feed_action_deleted_message">
	<value>
		گزینه حذف شد
	</value>
</key>
<key name="feed_activity_users">
	<value>
		مجموع کاربران: &lt;span class="ow_txt_value"&gt;{$usersCount}&lt;/span&gt;
	</value>
</key>
<key name="feed_delete_item_label">
	<value>
		حذف نوشته
	</value>
</key>
<key name="feed_likes_1_label">
	<value>
		{$user1} پسندید
	</value>
</key>
<key name="feed_likes_2_label">
	<value>
		{$user1} و {$user2} پسندیدند
	</value>
</key>
<key name="feed_likes_3_label">
	<value>
		{$user1}, {$user2} و {$user3} پسندیدند
	</value>
</key>
<key name="feed_likes_list_label">
	<value>
		&lt;a href="{$url}"&gt;{$count} کاربر&lt;/a&gt; پسندیدند
	</value>
</key>
<key name="feed_view_more_btn">
	<value>
		نمایش بیشتر
	</value>
</key>
<key name="follow_button">
	<value>
		دنبال کردن
	</value>
</key>
<key name="follow_complete_message">
	<value>
		شما اکنون فعالیت‌های {$username} را دنبال می‌کنید
	</value>
</key>
<key name="guest_like_error">
	<value>
		برای پسندیدن باید وارد شوید
	</value>
</key>
<key name="item_deleted_feedback">
	<value>
		گزینه حذف شد
	</value>
</key>
<key name="like_btn_label">
	<value>
		می‌پسندم
	</value>
</key>
<key name="mobile_disabled_actions_message">
	<value>
		این امکان هنوز برای نسخه موبایل فراهم نشده. نسخه &lt;a href="{$desktopUrl}"&gt;اصلی&lt;/a&gt; را چک کنید.
	</value>
</key>
<key name="newsfeed_feed">
	<value>
		تازه‌ها
	</value>
</key>
<key name="notifications_user_status">
	<value>
		&lt;a href="{$userUrl}"&gt;{$userName}&lt;/a&gt; بر روی دیوار شما نوشت
	</value>
</key>
<key name="privacy_action_view_my_feed">
	<value>
		نمایش تازه‌های نمایه من
	</value>
</key>
<key name="save_customization_btn_label">
	<value>
		ذخیره
	</value>
</key>
<key name="settings_updated">
	<value>
		تنظیمات به‌روزرسانی شد
	</value>
</key>
<key name="status_add_string">
	<value>
		وضعیت خود را به‌روز کنید
	</value>
</key>
<key name="status_btn_label">
	<value>
		ارسال
	</value>
</key>
<key name="status_field_invintation">
	<value>
		چه خبر....
	</value>
</key>
<key name="string_users_and_delim">
	<value>
		و
	</value>
</key>
<key name="unfollow_button">
	<value>
		دنبال نکردن
	</value>
</key>
<key name="unfollow_complete_message">
	<value>
		شما دیگر فعالیت‌های {$username} را دنبال نمی‌کنید
	</value>
</key>
<key name="unlike_btn_label">
	<value>
		نمی‌پسندم
	</value>
</key>
<key name="usercredits_action_add_comment">
	<value>
		نظرات تازه‌ها
	</value>
</key>
<key name="view_more_count_label">
	<value>
		+{$count} تا بیشتر
	</value>
</key>
<key name="widget_feed_title">
	<value>
		تازه‌ها
	</value>
</key>
<key name="widget_settings_count">
	<value>
		گزینه‌ها برای نمایش
	</value>
</key>
<key name="widget_settings_view_more">
	<value>
		نمایش بیشتر
	</value>
</key>
</prefix>
